packet_count,byte_count,packets_per_sec,bytes_per_sec,mean_packet_size,packet_size_variation,mean_inter_arrival_time,inter_arrival_variation,burst_count,max_burst_size,burst_packet_fraction,destination_fan_out,destination_port_fan_out,label
128.3067932117604,181658.9216126835,39.89394020367237,38491.130225416375,716.9512873941695,414.56871272263515,0.0749025571250771,0.14610369478084842,33.56415608430172,21.58964111937916,0.7461180100215459,9.509907503987684,22.025582665923842,1
27.820095319307985,19108.91445797019,2.9584425452330825,1389.1109639035622,584.4833816183105,95.35260039708382,1.4720688822399925,0.625908007846454,9.431874010433955,3.2198344945882797,0.18037861994996263,1.4979248519134114,2.1266476616050194,0
31.741695163067085,23114.171494783885,3.907762451741563,1493.100083880796,705.4318893202909,57.69511754706278,1.494723050184041,0.8030426168937633,10.146080493747027,4.306100042350886,0.38614887072336684,1.762007439789836,2.5680592909865267,0
161.78739207158452,172664.12155377137,37.64220269765008,47911.12438841629,989.9408242062386,485.3358514162261,0.16210097906165663,0.1250354090295823,32.85854635874221,25.135041979786525,0.764665182927446,9.433232405857975,24.180587613218137,1
23.986783054545903,17741.26846099115,2.7942701554304277,1840.0469501113225,665.4909049235014,82.76827581584887,1.6049655305607626,0.9299896195612598,8.956984075300237,5.0595218021706,0.2926103124946738,1.2650158629319932,2.3495284803337473,0
204.04965134898055,154214.39572266405,50.493737174902954,49658.352684584665,977.4465018149745,427.51184994364354,0.17930591380499966,0.13281510165758645,37.404217955805834,26.341034581614156,0.6622157401773723,7.811993587863771,23.644505583103278,1
24.64069887324532,17337.399070340474,2.169678783232622,1659.5544614548742,532.2587081047855,74.88042602027474,1.6744259550728056,1.0865860125614106,6.687162909567473,5.523012265121511,0.3538196341953898,1.3525403664546063,1.9636066170287136,0
39.33720224998159,17039.180085636912,2.2632313384190685,1495.462682953555,432.2932315021477,76.59587995362082,1.0916027132153405,0.5532980944774843,4.0479707716905935,4.323017430625462,0.3954731581550254,0.8443229416873778,0.7752503642847792,0
30.46498473445679,14470.33089003874,2.6002255386626167,2092.474234077271,596.9282155271128,99.0259268428806,1.4392750676367958,0.7604128145055112,10.553363095467082,5.027075241580231,0.22841883153278564,2.1506384603942714,2.289931513160018,0
34.171703588438774,17081.264940656354,2.929861715819117,2465.556141734144,599.3141478991365,114.81887407551136,1.367355610375936,0.8701024082696219,7.018304996650217,4.963967981073174,0.3549986501161225,1.3587142373254488,2.1417441087904994,0
30.0957734503872,21091.417072527754,3.1845338263696363,1683.370904775032,654.5706676212595,112.94048985615123,1.9163358774316535,0.9345742841355973,5.755439040285872,11.628088114597997,0.2541074305062463,1.31409854824044,1.5100775640400006,0
29.61861494112597,14338.750523534107,2.9783197989558983,1402.0903333297692,616.8120980552677,46.3712357360118,1.775012739464978,0.9498469531197675,8.560856504507237,5.849799183465889,0.3833041023627992,0.5175008313709235,1.2322260723111653,0
166.41798516420107,175238.29446104894,39.78756752320254,45186.02427784142,727.2048830132705,484.23470399103763,0.15709827364842094,0.1333868635516719,32.2190183990008,27.458901458631942,0.878588875028028,7.6909925426223635,34.9327469177112,1
22.390915365501748,21836.934922674613,2.560179368374299,1913.140070064172,508.18689202334184,79.6875652885688,1.6388184092477345,1.0272747915231164,10.7081402066216,7.880285537554482,0.3667135187022303,0.886917940818552,2.926635558646717,0
159.1065887558147,142984.2503657932,31.889673623386898,52040.45606694936,1027.3628257070825,574.5291027554853,0.19740825350653202,0.12204450740805864,29.182301713444495,34.958958965505715,0.7446717547524415,5.601152369147485,19.24794945169564,1
181.79442541570768,198056.356905707,61.18375402778774,45345.49688868627,887.7527744677595,532.1196775473984,0.1516462894728915,0.12295013580399629,40.50210682105964,35.463750709907295,0.6614296751035648,8.103099977824831,24.91802144143604,1
228.8621115838933,207758.77214667428,48.289349551820976,41855.703305324845,1267.5534872704961,441.87610783109045,0.11517952310792945,0.08339260542239152,29.825620771711442,28.179573779164773,0.8612321186493055,9.826370847517891,30.755348918427018,1
153.1053470877471,206677.3631681115,39.758229189460735,37589.573258655466,920.9992896008479,389.2140582257129,0.17157311389167487,0.15354502833470524,25.478484613211922,28.54611752903267,0.801139510379417,8.164387269147877,29.166277848306095,1
23.457935706750106,17461.86261518313,2.876122986070619,1445.8464103173465,573.908379550923,60.43014653327392,0.7230031087623198,0.9005327053906135,6.377250067293151,7.9566591371378665,0.25799006117924383,0.7102008101393208,2.8313367607906756,0
147.39663160485122,169032.25424160637,50.89686887232815,48104.90384284531,1238.9598075437134,449.6757258708178,0.08239724107603615,0.11174224786076359,36.04436293647819,28.246954862823884,0.9129962841352037,7.504774777040572,17.82076350028056,1
29.107600421316295,19035.77830062769,2.944422959458006,1448.3864515655011,610.6756827696875,60.925991550622456,1.1794208869808622,0.8659004030167777,7.580043587257955,7.794724763544677,0.4032425653563467,1.8673356669232344,2.2251666364542424,0
32.0395107505893,14292.151875853655,2.058319398664139,2358.6258408725243,653.4545788679789,53.916114053422966,1.5657083006489712,0.9283892672527649,8.362585312783677,9.37091811554916,0.3984623312910708,0.01,1.796860166203034,0
149.36173879001026,196040.04006296382,57.53926213279629,43560.45764873156,810.5926213752763,289.91040438338644,0.16042169786975072,0.08251937335944719,48.053473553827516,41.70801767952635,0.8181041034571006,8.970923403194172,24.410436287743916,1
212.8078989482839,173892.16270295726,30.525056721496473,40565.40093596987,1065.0982345161644,374.2573985013712,0.07166018681766781,0.10666719529484302,22.758866739904413,31.62721098794678,0.7679140414216229,8.120534405994318,31.483283281126013,1
152.35223625065618,166101.87368986075,41.84069986969631,28789.570582250504,1079.5692806879551,424.2614964132645,0.16836976867881012,0.10742318321044474,52.989636460756735,21.713576820949513,0.7253552436250209,9.410410886303728,36.79233870475073,1
28.45792560964011,13193.247721499094,2.6954791368674402,2234.077943180615,637.2530122537033,30.861224292499926,1.489484546493553,1.0796336182644262,12.25309627390087,6.842529958177167,0.3747441850239601,0.8798971660071355,1.4097299882227463,0
177.64147265747079,237424.8859938285,58.10694577167409,31850.27646255476,1054.687969637038,516.1082336731299,0.13026370377090957,0.08692859085999462,38.97192682689354,30.504127150342693,0.8442032694876584,7.683897129684906,36.65582591243421,1
25.389444462522864,15723.729721311573,4.250678611251589,1744.1238718958084,533.6055908253148,62.54203218609749,1.786303112413611,0.6630623911914886,8.963694618663657,7.091827423349551,0.409929426576078,2.1998473355983252,1.6146626142545144,0
185.22270103352363,128397.57862537642,50.40875260728905,45466.75059148348,1031.5856173817722,462.3847006399996,0.0990497572362615,0.09304135818543358,44.39854947853266,32.472987902394514,0.7522189375822707,8.842161109135697,27.038554503511648,1
173.91430145858894,199731.32303405006,48.315293557554746,55545.96684805033,943.1925917355667,517.62062771666,0.21516291028597428,0.09837561461149447,34.55077003028804,32.5215315308469,0.7652176439561814,6.249511867289482,34.16366497932269,1
28.499306574015694,25007.262667441642,2.4264952204694543,1415.3938900342446,661.4778812375757,98.43699962686931,1.651707807251778,0.9671634691935347,10.852689954884324,5.8589587859755445,0.2361632853488818,1.2339617258406437,2.6670270301216035,0
250.84992443093103,205668.1213503425,59.48212088171206,54333.055535929474,1124.6857461786803,342.8638628147804,0.08598561916332417,0.09775951044448665,36.55014277691171,30.00540483062671,0.8299763557443469,7.96000420374593,27.38880702223006,1
29.578435357796415,20247.907857869024,2.4935759065440153,1697.2197127337986,452.6970987516867,48.350427619225734,1.329679076342445,0.8831521977033343,10.386986544886595,5.972299780254432,0.3709091423359842,1.583984684273616,2.7593187794175225,0
33.455084328993046,13879.578234948644,3.545967671568351,1295.6579082211674,561.3895646943677,47.53381098618863,1.308650828313312,0.6333377990048349,6.773378374320248,7.086395943070524,0.3735672773645658,1.8143658010223318,2.7646394864800587,0
42.12160402847785,16166.925516045458,3.224274291643579,1250.8495031134946,568.3629937339057,75.22295760182197,1.7471880037558516,1.0896203373656201,7.9117036473414615,4.3241326814086705,0.38662803195932316,1.7584935492068967,2.344160839986789,0
29.26716393886881,18969.43696204231,4.2220046428597335,1211.6794216926628,679.2495743847059,81.82708027631833,1.960063858721439,0.9424771036157441,8.104142370207896,5.2175255243727605,0.2501456225725824,1.5977113824514853,1.8658122617032822,0
117.58046358312231,230588.72281387707,47.00378334298207,44610.215738740866,729.5627853827486,341.86435348986845,0.1776761198153577,0.11570572284493182,22.08277773886273,25.297597934013673,0.8839305319419194,10.557343022706903,26.070785734012034,1
35.093151498771306,14729.440545246887,2.220515457819771,1782.6807803672475,466.4433844877108,58.14092374019051,1.7602012182603717,0.6669689163960439,9.066382037311556,3.9731236551601903,0.31050871862511104,2.011720214708661,2.1459587058197083,0
157.00362444046667,179932.69879383774,48.71494339173128,45505.6881020692,668.9808214944417,552.9523961049307,0.22089246757345954,0.1675137805935939,38.26462369950573,33.35992943170851,0.7476646128934952,8.37715733671806,19.34685474349701,1
17.923309351791573,16574.048660822235,1.190370300862758,1536.8949525873604,556.0697720437597,57.791797308602284,1.4024239373227976,0.7211796370235625,6.8125312927973765,8.25374536807025,0.4471921798105951,0.9290796716050805,2.8777299289593845,0
173.56285655524317,203915.1123809205,59.83011543851523,52641.16154838017,1343.425137619688,325.8734451912743,0.12806500638430438,0.11200966237123877,32.59825675140264,31.862240197635693,0.7705513165695843,10.212214849530067,29.923802424547283,1
168.20929289341873,205422.14019250622,44.33839097909199,50252.25215066079,1101.921664172603,487.8534332411623,0.1087182628331019,0.14759138931480983,35.13057035016627,40.011303868229,0.8382935906636052,9.50225246804904,21.175535222398928,1
157.1539729752547,167600.03156619874,49.11908365363271,50122.192345606854,793.1929553844117,553.785017101614,0.09167526220723807,0.12019198800138463,33.15784021657182,26.461875945291016,0.890660034369647,3.305894431453913,21.34608593847161,1
17.861729654523902,18987.56207624231,3.2590377709414438,2147.547784624499,663.2636550383386,66.18568838126116,1.9047782888260456,0.7727266176946902,6.678327227363855,5.219132335044648,0.3032150684235685,0.4171316402498293,2.109428237090037,0
172.50844699548085,179584.17923057996,48.90334975735452,41022.776886933,854.908111035726,463.87413391653064,0.20435208829977505,0.17616973808059713,39.75919869199204,25.04868049687456,0.9126874456634044,6.308679591768643,21.147140283968252,1
186.80700838730422,195752.64820307333,49.60780011870389,49396.03950311735,1210.5494554001739,366.9236510063903,0.14717043060998566,0.13911806621395123,39.49785371178831,32.79028955328494,0.9045229263536524,6.998009509080354,18.25139902555646,1
163.96621611846425,183265.75993263116,48.61989337199761,47710.27617138586,888.1453971717162,465.75148126207415,0.17549701634764264,0.1651197178819098,36.96896292926977,23.73510280875495,0.8022733997788408,6.758812854903811,31.59515454255285,1
30.44553648648294,15004.32956000147,3.940053101084981,2324.572405813546,442.27059971240385,41.02019405202989,1.742469660747902,0.5393951729265372,7.222725292865957,6.194328132500749,0.4053480065850688,1.388373702794345,2.0666546438614266,0
162.6748791163214,215274.74595294445,34.203806711855634,58709.94359195868,1229.1530824321976,355.10919627121524,0.14978399475998092,0.1625957696143296,32.05403339897095,29.187957276313576,0.7678098081621745,10.334945616011321,21.961586234378757,1
197.84509624433645,130913.07720304027,49.22753553392365,47225.94125500863,795.9664260634376,367.38922005881795,0.14410495204043566,0.10540472269043123,36.7401571452353,22.82660712946503,0.7292348634089687,12.228011846263897,20.78811606427942,1
179.00173671832678,169663.06528926836,37.395875606571394,49339.77991385818,853.2424476085362,467.3889015834422,0.15497158839585717,0.12173090898043719,30.024891214215824,29.034172084258824,0.8981549552755755,9.087046689475681,29.814193569896663,1
172.4407204536849,159909.11365473334,44.36726071629627,51187.90134082804,943.9366385833505,517.7836012743405,0.13904767326618622,0.17174386703465455,35.16082100464311,29.12228810533075,0.6711337637398169,5.145696419215875,26.906451316370315,1
25.03823820617837,18631.946028174658,3.141401148665054,1558.6042338924942,651.8314898212202,71.94100563619793,1.216869748565063,1.1524032209797703,9.583229993179605,5.749339582466202,0.2990660186045229,1.1078186888947368,2.8616586807923867,0
28.174433488738387,21807.524509594048,3.452963298196984,1389.055754242249,708.8497791387716,48.7917839274599,0.8304014488853965,0.9706631372023908,10.137906770576281,6.0780384465939195,0.32911845504602527,2.2918408997455164,2.498307651649948,0
30.281495145036995,19509.593222440588,3.4061289337838354,1632.6270057030524,507.84462172611876,54.44436317800174,1.1529076817220716,0.9286818365527987,3.3754377879086794,5.500082961585759,0.3859902665680969,2.26100636233247,2.0499097725356803,0
206.03958457689507,189883.83558704093,49.48876748253282,34489.1086156444,780.7519365240444,539.5907061227986,0.14861446286422964,0.08058936363106983,40.293004557301686,31.29018080670466,0.99,10.500000894663218,26.733486623152416,1
228.83594729923684,167183.61893799005,51.258356895740896,46540.29193300881,762.6334510230004,373.58493926847075,0.10180916929857203,0.1049004883438752,32.499271015076175,30.139743968777573,0.9022155145100961,8.844952360945124,38.26531328030437,1
155.18953250550848,225730.37237508487,37.6637647249949,54053.56986761397,1011.3091823357639,628.3998832416626,0.22127941069527496,0.10056831987083553,52.6142087903435,24.379205692541426,0.7749103445933667,11.615806274975128,21.326084471469166,1
44.56332342691075,18465.064899375742,3.9592821032138286,2086.157984321253,465.552413996822,72.41639197305037,1.342404072098801,0.5316414810008192,4.456577267360452,6.153435365585828,0.39722024086392566,1.6953340926180982,1.7859200113871918,0
35.81916567661519,22631.909386627383,4.302716676318839,1663.4232879224307,687.8084205285136,104.23424684817587,1.8594208570178434,0.944737052406405,9.65559385561804,4.815173532597573,0.23422001831884387,1.9914239643200093,1.7570532341320413,0
177.4733970804897,125338.45596129239,39.27373414970156,31352.877562838577,1193.6584790449724,515.8118805231973,0.11847063632138193,0.144146332936669,49.6918849526097,26.88461769470644,0.9039420085525512,8.725010233482331,23.816503900644587,1
39.03962881822268,13801.561096138335,2.720107574400349,1949.9177884289006,662.6546572033639,43.031058603732404,0.8233315238934592,0.4187266062476436,7.857777073317562,5.845195231440484,0.37761755008916115,1.1151626110604709,1.1430336268657562,0
35.82441251432696,17216.52825690613,2.939312806963716,1664.1916127579527,559.0304073076559,43.8360014627227,1.9139845361089156,1.0056000300581407,9.596332662278908,4.358496120335884,0.5164676131706667,2.4900826327786327,2.1316400183009,0
157.43090372641038,201872.4351703333,57.40337052810862,50428.28141481367,1209.2927533264253,272.0356625830036,0.15654400468095692,0.07850899811496129,32.75020767425917,31.223358243194312,0.807569968105826,10.751507593549077,15.106823298354378,1
134.77658001738635,160140.41147406545,53.09716462852888,49838.5574963292,1099.7111343988472,464.5667924488617,0.2065190622506405,0.07377597646406892,33.16906812011059,30.236745258008984,0.9628228126510565,10.053099812350535,30.192138313409313,1
36.79639717309198,15621.439200565892,2.722422086100542,2218.630510571128,665.7900322488941,70.04195101196814,1.1425758521910367,0.9123319654186649,6.739254601033538,4.614172757685131,0.29814925964571215,1.6232470199502218,0.5152775261979425,0
211.49093079657118,190924.73565967742,46.09738533679215,46641.18473363807,837.3447472502806,562.2330402530214,0.2055811552956527,0.11897100674224137,35.0795640566412,33.2456777543781,0.7859796562736068,7.599646987823585,22.5359776502873,1
36.00770363708466,16802.987784656725,2.4789172094275367,1563.962436546887,722.1868625521465,89.88442287795492,1.6462193779387846,1.4660537727123544,7.935317254947702,6.930524476543202,0.3746073242046809,1.38905715493792,3.621319943440062,0
30.008257294897813,19397.294372742548,3.2733728671180793,1086.2970299378846,507.3344205109132,85.45248317149183,1.8903612747687872,1.1806305773325003,11.606336477306211,2.9166950930542805,0.41155856967491605,0.5418548994424482,3.129520509979397,0
31.02723196199787,15818.077121724598,3.634567218700142,2120.9887855796546,723.7215046934481,84.22615790794039,1.5556533715407947,0.9344847945705304,9.219503578506394,5.022277650141687,0.4531508273369348,2.359259076082429,3.3838672262868936,0
19.71276305831122,20474.956602076956,3.457244109932377,2195.6656903005855,779.965949319548,63.62065612728464,1.4891570470706066,0.801956713024668,11.884370901416913,3.403170415897602,0.38886143761659187,0.7645843162757808,0.19290045251376897,0
227.7509844084185,161481.43996736946,51.35821734570814,44346.636566035886,1167.2000028824443,459.40955736310434,0.1812832551120481,0.1664030852435927,38.78549296762064,28.950920800740217,0.7705858400973037,6.611927405339706,30.190571178994926,1
190.33683527773962,154694.66781017694,49.37899023300609,49720.030109612664,1053.082814540272,452.40056734471705,0.20601339492137263,0.10354857657905361,32.79981516870324,33.335279305806196,0.8424633038460058,9.705195050603292,23.579946112421737,1
176.22226099041174,185807.38770342243,44.178782633514935,34928.42299624915,1139.128317958083,471.9886013995216,0.039811728594760426,0.10093430324594879,30.02754896535425,34.90445091334664,0.7964755847918727,10.974813709132981,17.0424020315077,1
24.574676087160142,15400.709749367496,3.2929840417619416,1480.4450509028497,597.2631292594623,91.77289419573526,1.04795287689506,1.2011457391191447,11.133416817992494,4.144371225543811,0.23690869646023666,1.3582890732202673,1.2781997597897443,0
191.45370508033818,160887.1756958207,50.077576009148956,47867.26355927359,888.9806150182649,525.6023155342325,0.13628334035615913,0.09910592483773621,36.5052027614858,29.926436195840072,0.7275957291857352,9.240278490877657,24.95422644061026,1
204.68871986723772,180198.74231418976,42.696119881084066,26650.943708757874,1130.8325159350813,388.1330499259623,0.11363429398504517,0.1460306214175499,40.51065295599643,33.39982895647309,0.8762405937061518,5.811878291646234,23.85401249606392,1
182.99617765368893,165504.91607533157,36.104851832475504,32227.035100477613,944.3332116342192,451.152789997138,0.18686899524355916,0.10866692665378094,48.94222564553536,29.61760206970035,0.7613324992473951,8.761190523763243,20.147205226800796,1
36.243577993802795,20702.15708647563,3.5490469767700716,2069.4485391534527,558.6646184380619,64.76231716519426,0.9509618592421691,0.8583501123785197,6.652468173019928,6.602318196525811,0.3921987262864487,0.8239531477023354,1.2903124438045142,0
161.0446679112726,136150.85377452915,48.41133903167805,45693.16661671006,1017.9074187011189,560.1459580718222,0.05037540671105435,0.15807621946034378,43.18279376705213,25.099620516733275,0.8811739781508127,6.37607977989563,19.78747095440818,1
30.195398795736242,20026.78733478661,3.2570004501001,2024.6893827651593,513.1131153627981,66.5075522854718,1.1362579920783815,0.9262553904112495,9.060432924553425,5.851777513787935,0.3737439383528267,0.7217418209345156,2.6005476850709988,0
25.580542692646095,17387.55966658079,3.0094261274093883,1572.099975911074,513.2065915203195,97.26810981885417,1.6792025981845702,0.6658521299474667,9.359299306868078,7.012770849760841,0.4513845968917082,0.9723433367124035,2.545917140548308,0
216.31591220924824,179665.6631122972,44.64268212943314,41304.31832851049,1011.6230383065446,467.9987277728441,0.20970785887737883,0.16619138749944912,35.539681052277594,36.09519214511033,0.5825878913454637,7.059415163757404,26.24855701482401,1
25.208898122351002,15039.41645514878,2.6113875838783844,1438.4306789077436,583.7380278960105,69.54225832062525,1.231203550516812,0.7535899731139973,6.479359923023198,5.9932913921219235,0.39056701663637833,1.5890626169743802,2.330505612143718,0
190.69026775787998,145491.86806918323,51.413441486856065,44624.59545719384,1059.868430439958,384.1256679610754,0.1838570943290435,0.13539370847385598,32.820029604845075,34.72640639694063,0.5871771139882697,8.724623023329682,24.462311666645117,1
179.75436013712599,193505.3850467056,43.33918630378099,38934.979320245395,798.7677096577021,328.5394849115421,0.10280782998885742,0.06838351338038656,30.638739272466175,31.501074026292816,0.8043276295052558,6.346733837669433,19.909905223085417,1
29.13545802253243,17481.28919900544,2.922078896902636,2045.6943037846022,589.792937297369,40.052931713180854,1.5996955032203146,0.7465325043005664,7.56608263170961,6.1738271800512825,0.36858381895253767,2.0817793432995715,2.459645554759068,0
33.11626593083527,21587.19432099649,2.6409989728412193,1195.700580761224,623.9538521773153,74.59469589047939,1.3175969464317556,0.9742172762084834,9.21513475396914,4.507511367600875,0.3914574755216962,1.4019475205487124,0.9618823108549033,0
36.26023420286111,11602.223740841366,3.3970142801569407,1960.7742837995568,764.0808642498141,76.50347663659855,0.8824705526508794,0.6327758024858545,8.129333842611189,6.533345465414678,0.4284652861074974,0.5201621189604708,1.7690352189599574,0
144.84705775630812,173815.87935673704,35.98101141149612,39492.7879224254,881.5012578179515,411.54141777683117,0.18131368443551255,0.08568317855847221,38.660070449956024,22.795561224748937,0.7675579462580941,10.639618737300907,27.310213945816674,1
209.80088331877187,197800.0748733926,48.75946891114957,34438.42887293824,1075.5374258018205,472.8243525770009,0.13647744896419792,0.07869777612078063,34.659904350440186,25.645789643097604,0.806402782044933,8.126680126659519,23.309208680944536,1
140.16849461130965,178053.18474415253,51.47545139735316,45174.57372750178,1047.717281952414,312.1873648207471,0.11663427657915805,0.1361615165733996,39.666711985111334,26.247866683040805,0.8293608745916485,6.57798681888851,19.237775988312304,1
132.05648846388968,222788.98409962398,43.268736315785596,48530.79405559559,989.3875325940498,483.08320841826054,0.09886936093205739,0.10662871719798923,26.86782146771609,24.564235486966503,0.7432784047709159,4.386901016772233,22.694003402939423,1
25.339602495897118,21877.08479530168,2.6532803001687517,1918.9065106516011,559.0689530733413,72.12646981468868,1.4495510686800104,0.7675071656869793,5.972438283579007,7.194619191357055,0.4631233933390609,1.6215740488897163,2.5126346916234006,0
33.521126443611074,23832.494262123237,4.301127559732278,1599.3769394429228,562.6084503821384,83.77563998647672,1.8183856836218588,0.7162522826880626,7.714728123456847,9.310394023729339,0.3414038784890224,1.257339278854427,2.0839397887124695,0
29.121130592756707,19378.314611594265,2.8708803093749453,2015.7433144360753,590.7216695899293,85.27707744954138,1.4450367270535414,0.9659174594237044,9.344768218699276,5.825085299008229,0.281217820765873,1.0299400047280973,1.481484225901461,0
27.196373580468777,18387.15304024718,3.780758803285008,1535.2247871038007,695.7786814545017,72.48150619023936,1.5084570466553635,0.9112091136726175,5.505948835066435,6.891159266341631,0.35492075669642004,2.018138481302467,1.8482350780932826,0
192.62725833515947,165871.40760326447,41.39174485521004,32240.20373808609,1016.2260507120188,330.16623861719626,0.09761324196171936,0.12260610231891923,34.27190504220196,35.13544966613185,0.691749631935839,8.842024057165895,26.612500718196046,1
183.0464278116851,211638.24616128104,45.420870535826204,53570.99972603598,1013.701310127385,415.884098651261,0.25884694956179327,0.17463133589747187,36.18144187862883,25.839026357278982,0.6712776438645742,8.802715261948796,23.72244136145422,1
183.04400866783075,144257.6770201653,49.681614149428626,42518.1082044173,1115.0603271624936,464.605900755754,0.13161762615122033,0.1452997792115232,27.959571795949067,28.67573800748084,0.7569964592836317,9.487944842235413,24.622423671525155,1
218.88070176115752,164308.13311452023,48.002802260954965,52926.50271617571,954.3242613772959,449.98807601080875,0.17346053468852343,0.14048045740387213,28.45941209006797,30.90741614960672,0.7243704771533814,6.5092595878308686,21.758044117079706,1
38.54814053251731,18361.221864279512,2.154515998147388,1603.8826540662897,554.1772845305733,84.50084442262482,1.615137902643663,0.7761217953975726,9.739214440006771,5.207255374232596,0.339101300135032,1.5903802021666436,3.069726897935345,0
138.114437584285,193993.32846744193,36.47682958118151,53904.39986594023,1115.6743185604946,467.54649135443304,0.17019754847257554,0.10989359763658917,39.05466375485012,29.75186658868976,0.8584963205475747,8.117152551295682,12.594042573473311,1
30.78624221345428,19581.924299239738,2.9783542694154885,2111.9522856249314,732.4806787759587,71.6098608505227,1.6320760271930883,0.9746903335922723,7.32391438640263,4.307543224212175,0.42248006522769505,0.7156178216268693,3.2521856830154485,0
35.22260057029266,18563.073508530975,3.0357671537359456,2412.975281839529,524.3019234581034,46.79613079352748,1.320559222586357,0.747640503185956,5.987061519208941,6.230791610356436,0.36087559578741996,1.0930714260060896,3.122136856710494,0
35.02840728431148,20783.957342972037,3.212349725951382,1874.29004799384,669.1205817616632,71.37664651205566,1.207824481870514,0.8047696708911863,4.223169216921116,5.9911496418673575,0.3830697869037999,2.117990388156976,2.1058940941779647,0
139.1507708157445,214159.64420667483,38.402785363399026,55235.1473209007,1285.7820989779589,634.1242431005838,0.1423794286711848,0.08510221592409654,36.967556588503534,29.733157158357773,0.6589720491684269,9.471089976928127,20.38661015299879,1
113.92234231332391,214522.59380750178,19.7456022835867,54497.72970018488,801.7859100561643,341.28626890185956,0.14564402617864336,0.18587709003686106,36.917616904326316,29.04370744044827,0.7385813914648465,9.301446246668974,23.14954961348687,1
30.220727489785684,21404.544228658244,3.1596441242424054,1689.7527120739737,503.13160739539353,84.4369959371546,1.6584439637555066,1.0901619089793506,6.505090333096383,6.039627060128529,0.34530458419248494,1.456194570375217,2.0072731479289794,0
24.093074140291144,20597.389263762154,2.967378381242718,2349.5353421503855,782.3463862164112,70.48444942144472,1.0355948392969883,0.7237092936919437,7.849303166167113,3.7673364822707986,0.32996053781575585,1.6434731545709422,1.678400507661837,0
32.944471761409,17682.939658405536,2.1802811229446917,1459.1200215421966,666.9812752240999,68.85186608965789,1.732320506617014,0.16748082589846114,10.220217471377069,5.259049215982796,0.5238285797116511,1.244622458395911,2.019788210175645,0
153.2607504244417,139402.50742306694,44.46523047128341,41753.87480694089,891.2952861482511,439.01053579306733,0.135959032647955,0.12052786275799408,44.46074612982835,29.849355007188464,0.9504296217115293,10.488197338698523,29.83791485388386,1
172.90325895014192,202871.6377292084,49.40402016898509,35817.80808096441,1059.3537813860044,402.0905414537878,0.21130022825872175,0.11911234782330957,31.978919407322884,27.967294178772224,0.679928224952991,10.548913408703399,35.596774295163144,1
186.7504686546401,193136.77564710993,26.23107618307634,38515.77293098993,1017.3894940475697,530.9980719656677,0.17290351046141686,0.1593229850417962,33.67025676793583,30.50340226492841,0.7600160800316786,7.128655492740149,20.847815741074136,1
177.9979504536555,137442.9224672427,41.268254596942654,43945.25441841385,1195.2262243196806,540.8763098554268,0.16699380617760534,0.09430417046698833,35.77068328903611,28.691342535693245,0.7805193394339649,5.532955798742834,27.319523263966556,1
202.05058658089706,178348.7360960342,49.23269564874867,47928.81632239878,1151.225971978561,372.8752243421223,0.1361878061414127,0.1476598352291529,35.92119701405114,35.629026264106336,0.8596194236693339,7.11063984525937,29.402554701384854,1
195.41590622548208,171126.3503934517,43.515850356409324,38645.5950178096,1039.3764021220918,346.50896368114394,0.1501267977855766,0.10448383756259536,38.40233507114469,35.212841437957316,0.8629550473676861,7.754858847096074,21.451881080738616,1
30.663043064662993,15785.035192965537,2.289736342758598,1886.2197683239208,704.8864661763239,70.83313727806768,1.4681030118687648,0.9063552440801739,5.0929094039826435,5.53158402428316,0.38922900260748194,1.9367021926897234,1.8315592291414053,0
25.067596039407356,17822.40066044394,3.0654580401002987,2109.4194018681656,524.5558123517218,61.017389730238975,1.596882806857276,0.7665665125325255,7.629439538037118,5.974495345013781,0.29433284094104856,1.1001547991836509,2.308511125026623,0
172.34085260237737,156046.8942213387,36.93714295402411,47145.5927066056,928.7127941405582,441.45595172980757,0.1408128052421443,0.1337160093031781,34.07435070810132,34.30769734573712,0.8082398822451613,9.77806859694079,31.2354111250256,1
23.230327169591767,16016.150687979887,3.8014293336410003,2004.7607959619552,657.6196297057809,100.33416902400126,1.406357179297899,0.5907010151922385,9.68853593848158,7.194417435353571,0.3238488462924226,0.8672100383321844,2.8674053861052435,0
31.322395269758058,15321.651326425283,2.8946502659053692,1310.4433618548885,617.5649848544757,37.69362290840438,1.4552271774962386,0.8523158622265941,4.486748601152273,5.216245611733596,0.4130516997132058,2.274483941795319,0.9472277982238653,0
32.259599152127464,18744.640347985245,3.5476287660925494,1410.3722250131395,645.4600550068309,39.709592165497206,0.7140163733343444,0.6786218543600995,6.16837990730801,7.3140183645846095,0.4031412719690316,0.8904626293521524,2.5931529963436004,0
20.489669305221973,16091.477191862501,3.4181357029401154,1684.6238649808145,467.5622424872612,73.7607046922327,1.4417031266486269,1.0567710128135426,9.177295808020663,10.553571447167334,0.2183284771216419,1.4891626233526043,1.2533418562763512,0
169.84646036006032,182417.94985823325,35.636191665170394,36808.058410600286,983.712586314981,443.77030408564764,0.15808299547314464,0.15351312402012296,32.59797582711357,33.40437854528133,0.7884291730841636,7.6119761709248746,26.28534026093946,1
25.89480356788921,15938.459223319209,3.1511154719538768,1596.0252223996106,674.5675309337452,62.276404273821115,1.5675470184672022,0.534940656381464,9.313746041803878,5.392224910921089,0.3827006466632224,1.665002583890565,1.878589790977845,0
203.44164578997098,174068.85238301023,52.49945298056885,42493.20465093524,1102.3697395481852,490.2107386681316,0.16532620107874202,0.13328036955157296,45.08261537295543,27.193507572135893,0.9122729730496688,7.291763231792365,31.034746990102025,1
29.093261679190576,10728.798806491342,3.1263337481520503,2032.5512083930266,575.0484121187309,60.111952611808036,1.5545901775705984,0.870128813407979,10.188303503731799,6.0275950188197225,0.2948193878772924,1.2693674770138248,2.1273620193020597,0
19.61167878894516,15781.819668392282,3.9442234524670154,1599.3952924972596,787.2647110232979,79.82968468769721,1.1506721807267022,0.6331427606433684,8.486744942787627,4.23353411657283,0.539966292242528,1.0045546095533897,2.4766604191654777,0
39.761351169138365,19260.72022642741,2.0010125260024907,1893.655512041429,643.7524534279152,63.63033952882573,1.1339430632056398,0.654993316407697,7.126301961751197,6.034097293410062,0.3084072040242607,1.8676102021222252,1.3350367513630084,0
204.6443246652819,205913.32230452012,43.185631774354064,50404.87524143639,1007.6869846579967,353.45613353731187,0.14675701445892214,0.08565966130613692,31.195069548021998,25.305511260209684,0.8266275898538765,8.37296740176213,18.401603210507727,1
175.4922060802074,167183.95736346307,37.051307054666154,38815.4679416236,1010.578133611956,568.9647620485482,0.0940629463786935,0.11171219370178224,40.8622976161145,31.67228927458588,0.7924994094599392,7.098574793106955,25.06630942641902,1
167.44434055960585,175274.82648351998,45.24196326691414,49715.1721267992,795.1013930383847,305.9562678158324,0.16009845852020038,0.1091705696634468,34.37976000606423,26.790850767786985,0.7861432988636237,10.973013807239377,16.883648524334195,1
238.49300371201304,160041.9539050044,27.751737527964853,46146.0803706152,896.2465697320268,407.881543642602,0.13682945886172712,0.10398634508354157,43.58602243843761,35.626959621554796,0.8927282054754326,12.62427015696856,21.146142539625245,1
178.87625597875942,193121.69958589642,50.76809220374673,41548.46491770168,990.4951981463319,479.26957138257933,0.20085172067186985,0.15015716405368618,38.87790992343777,31.981112813423454,0.7179774906566595,5.798080368714453,24.54072672706667,1
16.973959295964754,16721.387018452464,3.2613171024400462,1563.995781515898,641.4887064193888,49.545000498892605,1.6727409442642651,0.48927813387324304,7.4766234973834145,6.629710797035765,0.3928736630573946,1.4363683185544915,3.3577999887413847,0
35.66084258468025,21102.08770694964,2.5009360212305323,2034.472540132685,508.84940203600667,76.2392139338174,1.6256211781256575,0.6467181167875528,11.99875961032298,6.851060494125995,0.19778173576843927,1.7764299432979043,1.7148117267769942,0
36.928503004992066,20465.513933260456,3.527826478585746,1527.9338151951147,540.387873969315,29.406402246729982,2.0128500425726576,0.901643858859265,7.4782800989608225,7.4002730153085,0.41007324293074876,1.9876320973687363,0.8635237887894458,0
28.354104234329398,16401.514239676148,1.8650815469813413,2036.326000890305,695.1035830554886,69.87143217451606,1.3520423344652994,1.0181810057779113,3.3100754219690183,6.266212793903062,0.36146271792802337,1.2145714727372636,2.9741021715315625,0
166.24976521731188,223246.1464691604,51.91042765111344,43292.409203306175,1126.218314556898,479.9763656124931,0.14530251917585954,0.13400643586535768,40.10351046410227,29.289240986673633,0.6999608583896334,8.70916521779111,23.67970000291453,1
31.70701462566805,18045.797438456495,2.656050094936956,1541.6104662261555,627.8309015609186,59.96801974556284,1.187952977168076,0.7696650284787712,7.471012803810082,4.394938060354972,0.41617410850091274,1.9230062149273435,2.028625579157364,0
169.0031352421317,207822.4563305874,49.21302266127607,57172.37179751458,854.5633514310081,431.9491172489711,0.09957280420746409,0.07748274656772197,34.06844096682046,28.321470056394443,0.7589746411405084,4.930552435671492,25.98384895837646,1
26.96263224487143,13982.075466542245,3.211363438852025,1738.7959206270236,613.305204027109,77.50914665120129,1.3469040985216634,0.8843152744984908,11.475393146286423,4.3383007054122515,0.4889940405787292,1.3785983745051928,1.463361347905455,0
37.730998679479384,20127.256291122747,2.669463336557282,2245.857196889773,490.55500103188854,83.70042634127977,1.4474295899394767,0.847264958128924,9.276924389091434,4.980637475077066,0.41409265071095225,1.495345006883692,3.6882592314607834,0
171.3527317741168,168098.49677665276,50.838823744945834,42701.922521109154,935.7453219958603,399.8542075298156,0.09002013165776165,0.16680545211278033,38.05157624026867,34.33250379802897,0.7576081999493459,10.91440115340183,25.726014027191198,1
174.3137541080904,187031.91520689472,39.52286481579711,43946.932720963916,906.4457799224317,473.6158889928628,0.14127343667238138,0.1759395479297102,30.871537057510075,35.5940488007053,0.7156405632790842,7.069335645259186,20.792280648454998,1
21.758181868429013,17129.861120144382,4.219935033298954,1097.2564308312121,695.0730525879856,32.97245850719138,1.472976045880203,0.765493052317784,9.64858698142351,1.2681852808134266,0.19657521497189623,1.2169918531831094,2.025826528193191,0
191.67502029595462,188076.03052597374,48.4902094515385,52995.593300923036,1047.1329813084503,392.1244773723271,0.11917805760059352,0.1374938059510618,28.569038273770538,33.59171097785639,0.8571354728574931,7.9122330216875385,21.09288361682097,1
32.16457891927193,18521.728859129827,2.5908315182940957,2162.9245527076246,648.9152338954206,57.87431709069697,1.298995013468723,0.9390302950923858,4.967852881167852,5.501066355368834,0.29951627780202594,1.5349387423269811,2.1477885656735354,0
160.12502810767415,184430.2358183761,48.998406192782724,39841.26331645856,982.0710242467077,446.68640727028355,0.16571566335401844,0.15680323851154476,32.21630058531927,36.584589366898435,0.6956622439675516,8.601554194357133,16.401956461992974,1
216.05022060603477,204129.08990849563,42.749300863653175,45253.150533786364,963.614914111326,413.4085358633703,0.2739324262796551,0.09191409356256064,35.33202553101638,34.957357852484094,0.769252874839638,6.742914424269945,18.35449476294943,1
33.96226577398498,15372.614519069633,3.6109165516747574,1574.1744319006402,703.1282470580888,85.86412513469753,1.6486909939878114,0.6551611642553864,7.578857662822532,6.4498674125395326,0.1873325807564949,1.2241253517669053,2.656651452724005,0
27.90392198549519,16447.19803310417,3.116914128894855,1395.6016816856607,603.7742665724219,36.230289163720194,0.8534668921514544,0.9433327279191154,5.389373021767869,5.160123438599515,0.23661096505195617,0.7955646049655862,1.7208004082128285,0
208.41417521719313,190910.8692022071,37.779699735198584,55432.248781257105,1041.8909325051977,475.9325966180754,0.17460380129545944,0.12935198970066394,39.48768996973585,30.987293379373092,0.7857928430311546,6.899633831513315,22.443373316814665,1
30.78107681761086,18892.67190904172,3.7437759846225798,1655.6264121798904,635.4394874315159,51.80365469301616,1.8777507089096634,0.9264917332840029,9.073037530706475,6.281817736964679,0.2871520444688748,1.3363142191663053,2.3512456232775105,0
21.647556360731983,14169.831424034066,3.2632840221959154,1727.3809905143748,633.4181483936618,57.62058758124481,1.1899980665947472,0.6708913052486631,6.632809385927993,6.787494012501856,0.31160333168209453,1.8807151887455897,2.411652742063458,0
136.75507776780586,173705.17591362057,44.116762661292604,40840.061077784194,1182.6304876959484,549.7951284061126,0.14018625694765902,0.1821384659593661,35.19662481739622,28.79047930438112,0.8223842895616403,6.507934201982074,32.26566475616602,1
26.064804457633567,20194.598938907908,2.1296958591958584,1604.361221805752,515.9095974239264,25.99965239923278,1.1468122357633577,1.0444655806160128,5.804356242276112,5.174951954995198,0.25712210533432356,1.9328036083120388,2.0008382137170835,0
29.09381669076698,22269.963078501554,3.5714621476303097,2041.1093524931011,409.9301941527042,84.21928409140078,1.6667557232759524,0.6900147431189346,6.745231267639207,5.996534322279628,0.48799010105189855,0.9724496502888378,1.7005364756846006,0
20.626927625830692,19115.264470710536,2.3593659077891336,1465.0634512011898,472.94990368782794,93.22003261322803,1.4578172696108385,1.029898396476,8.544603363696297,3.4449586105561267,0.2633042855284108,1.878965986970305,1.4640221000662716,0
178.49937914399143,201695.27499360597,48.900610633051265,34676.34511531395,987.9380574860005,380.2964323847842,0.14783267367026542,0.13170813440215798,38.05648903191322,38.318922981383935,0.7599346491665828,7.410112872588002,27.87013996307098,1
29.884895282783134,18371.233987414776,2.0481263452388045,1863.3828929566864,544.6458087887279,48.333268924954524,1.4535943831441358,0.42869914947747634,9.397139980812192,7.278019346536867,0.34572511206026285,1.003108912724048,1.338241825710269,0
30.914976422116318,15652.666688576901,2.8806934970465288,2238.5927130440277,583.6664195472557,66.62871441037407,1.3525489884241468,0.9574371764881432,6.290641844674436,7.365753292578075,0.27504212845916276,0.9711094374283558,2.144157623465877,0
172.79580746920726,204735.97492914947,42.30485594052648,44222.46036839266,984.8406790962388,492.70941169254274,0.17595924133451005,0.17923337109832035,26.6416200010436,28.86025181890858,0.8458418183879371,4.629756057830429,33.70670236119735,1
35.360131192429236,18821.079946222628,2.292338987588282,2116.184860020608,630.4837702364601,94.53883099428441,1.491028022195636,1.1906201848967692,7.282247319356355,8.389590621394564,0.3592095178085786,1.2418654953772488,1.2100864890453233,0
191.58912100570694,198068.8241861516,41.6357191999037,41299.2568770615,930.4171978018009,480.8186095386562,0.16716476460761898,0.11941747368371466,26.81465626744555,24.55006594040438,0.8509459226825191,5.5578235737825565,26.13178518998559,1
143.48811359096095,203049.8780353993,59.26257718720487,38192.29610429535,995.2193938749033,421.42367246988067,0.16763335728278456,0.13559975618943132,30.984226386556912,36.5627826118445,0.7314655350649912,7.72336209260206,30.117961417831136,1
214.90893857630127,175176.09068906,51.11842213611867,57785.86383916371,660.2803555384725,434.6191696885077,0.1338420655392637,0.17122159572617496,32.559065578932035,43.645097509284874,0.6777677677115008,8.699011095898651,23.068490652051555,1
177.46511132166765,225691.2819380332,47.8933393372976,45348.95985183938,1132.851743230046,400.20018397038643,0.20990058263512554,0.16711861786890603,37.57526227325226,26.058663030141624,0.8857612380307806,8.589384066555164,28.21832142268247,1
172.96955484556008,170770.41964573396,43.97379116311542,33101.63069584986,993.1810483085784,405.35258430306226,0.26815117056559723,0.11360974860137503,32.26625244655651,34.942385035018276,0.7875174264395866,8.50668438149551,20.62942016731104,1
202.1780409682358,190577.52288319584,44.55157464757791,41769.51651943467,880.0351452708028,602.1568338255138,0.19488903120550652,0.15923331441566924,35.06363494414836,27.327653296291025,0.8443755343916438,7.950757102093556,24.359611864577964,1
17.369832793655018,24007.4030658288,2.883102163853105,2410.0169271818977,519.4310299114817,75.85071409448537,2.4494826304430655,0.6260541633787422,5.009400453783469,5.180235696995039,0.38779907418580845,1.846670020030648,2.9032566816149985,0
35.568838927089296,17998.387457425775,2.283566557767233,1306.017098798247,522.4212497490176,42.67704562706392,1.6901123431557776,0.7584770628603406,9.140629780030633,6.110147144747225,0.4335239635777707,2.0300963954444184,1.5482633945559936,0
210.3994462518071,219914.4333530251,65.84362075103729,44604.1470713389,873.7889677245886,372.4414583207865,0.21429923155937886,0.0738486540253454,33.09818864910076,27.169684770660982,0.9399996219204902,5.973311802084108,30.508316686298823,1
32.71770139839581,17864.356119961827,2.4783019705670926,1983.0309554138619,639.0474617753903,58.449256321114035,1.6201056571604031,1.0030129872384888,6.574666728628596,6.5713350411023885,0.35022046003850454,2.633005155325442,0.6963879204552692,0
252.88055789652134,169719.55796616015,48.89488960251846,43497.78865938682,1124.7095772101497,370.4331750275235,0.1097883041461535,0.15403021830718064,36.19119457962661,17.611895617803714,0.8018731480472177,7.636064586808917,28.553341169395626,1
212.8338268574215,175830.74933642265,48.72396235811589,34228.99968014718,986.768828226081,432.7978355649363,0.04681669420592503,0.1324613090545629,37.13099850089704,21.533119748992373,0.6870179336552471,6.501421709260871,22.354091088538084,1
151.36622001024583,160794.42632699508,43.00433463285784,45190.15387361448,1084.253252964503,433.0018197423386,0.1679962825195166,0.10879884598722879,38.273958881137375,32.01535991402727,0.845533661029774,10.87429183363831,23.58582193307746,1
40.80849808054067,16837.140587671227,3.120939728850108,1618.7841168007776,599.9976887214782,98.63468837006103,1.7682738593120089,0.6191550132992235,11.091808730431412,7.743091993499722,0.38890946549872746,1.1703912918403576,2.0459952778148947,0
31.069578803819205,16976.48613319196,3.3025330094641956,2059.1959317177434,599.3200855573509,44.04478347236344,1.4628600116318806,0.9000518960299959,6.834022085877599,3.8438081284306587,0.4382089648700388,1.2923761784077499,1.7135389913096548,0
179.25393097065827,200109.54547778371,33.30698905685678,37111.12780103239,1546.940853866588,379.5959896954671,0.1615033112465273,0.1331326534692225,29.10688677186766,38.63803553414772,0.7947503907998209,8.298960081342052,34.09193167490011,1
20.08791253435277,16863.910504264488,3.193717563711554,2024.4068608569664,472.1597309807914,73.18356507636011,1.8619261945594894,0.7642778608375637,7.81048377704653,6.675685323039019,0.3697694547165963,1.8373186751292732,2.0506897048594355,0
31.499313550572996,16913.202567353706,2.50031097093951,1930.1313385243466,737.3496470038153,70.76510305009963,1.3477099178370882,0.6817105595154139,7.860487123709675,4.102851643437837,0.3399791449441536,1.5305911321683903,3.291275081436333,0
135.59153173711448,151900.87594217315,31.992560067440188,45186.697646358596,933.6568694261703,376.34707703757977,0.18490421883633096,0.12387983656360681,35.28552157139309,32.7905839024114,0.882916195691218,4.7943520249704665,28.533399232787204,1
183.82441737462983,200787.31325104783,63.074524606695036,51372.02594364473,1240.4323861804423,329.148915912666,0.12032804197413896,0.09746655132965353,18.937794541531122,30.36839136340782,0.9113959194249447,6.929366242246672,25.977211154419706,1
28.985998855074296,18507.55724933524,4.213820090821612,1518.247304465026,516.7202158811817,41.35868398834992,1.6600987378036014,0.9251261489493854,9.48297529310984,3.969659879929945,0.43046873275855096,2.0986329406967075,1.9318820727396206,0
211.80967295631572,179979.92396290362,40.610508796757344,45250.31719156508,935.1585686564893,530.4966380629055,0.1856066623458873,0.12935198540464468,38.245217530803345,30.163038126201663,0.8821207164196088,3.2733608213962393,19.159024393860598,1
188.02635266197032,188554.91790664726,45.69971593211971,47033.28127211253,827.1064681406415,384.80802229615796,0.11590758266460757,0.07976521376649275,39.72952332864769,35.38791964162473,0.849119632957452,6.797536182104535,22.31435948606858,1
24.928932136634067,15193.118573614955,1.9701893316162322,2807.6543741472606,513.6444168677841,65.80336331089053,1.3918832503689837,0.7437804757143854,6.831898987307148,3.197482726094007,0.27014450100054455,0.8046652348863725,1.9112542863044961,0
26.3532699329577,21465.13371407746,2.865285591712769,1004.8772685759641,602.828317894923,34.31674955966667,1.4348551722167757,0.7883616739589706,7.197389968379805,3.769620172052168,0.2607416874225057,1.0777047003337568,1.8263239722842817,0
29.831198515689582,16263.839844256874,2.724965210705224,1881.4622881400605,518.251250064669,71.37000023833549,1.5738164625687232,0.7845289158422534,6.51274038469119,7.17992978027753,0.49981095711946394,1.199378520096788,2.864123995439581,0
17.875003251072375,13854.694332874882,3.748317807594491,1496.0738554619807,581.8033872574865,46.729744796402116,1.6832851434674234,0.5796076950998372,10.63530435201033,4.510341878599077,0.28881380496171,1.5613705227012158,2.017297854579504,0
38.760779341560855,17672.398778985982,2.3028972122329443,1704.4267802038842,628.9773117973925,87.51504185723044,1.517015080798875,0.5199555148038291,8.08464781321941,4.989962742671256,0.1753411330059673,1.1512199059181096,0.9972845276484534,0
157.30160589844877,126302.42230478057,44.77310075993375,48282.740604362814,785.5684864843195,420.52333096603854,0.1361121114706804,0.12083459374516088,31.30702773937614,43.317314975523075,0.7790042675959702,8.373048129775995,22.57624129015569,1
165.47201490298798,170080.24516773305,56.91212527303208,35846.30317723788,1011.0948544437025,453.6972069411286,0.18880724150721737,0.1321617267843373,29.520920793941517,34.861231632066044,0.8676119529948533,5.897991807575137,21.56098402903759,1
146.2522546627579,221040.44432730004,33.898043515299314,42706.13599323155,1221.0282475676825,519.6970022256991,0.12945354637555392,0.09650807864470179,33.911020584599186,28.799223987255342,0.919711884310166,7.690669291362104,18.25015083462328,1
183.88961543186298,153277.37089809403,48.4102188707409,47724.1800506831,1196.4204584866684,401.2023029370062,0.20881777752582195,0.11409547925107938,23.14392589386433,32.61547900362264,0.793472783458932,6.2352980881272755,29.666201719254385,1
20.64194981239537,16436.523197218085,2.5214180180885797,1370.7353608253893,638.2616700015631,69.03848236860802,1.3704072142473636,0.7072053441879786,11.185759123191684,6.359721161816253,0.38803026615957337,0.20698002806180704,1.5423858574168299,0
30.211354254278465,18972.81132989431,3.291451223365045,1799.1090528797927,649.5431012971031,67.57640298385513,1.441864978875557,1.151796433797326,8.329430879803772,6.100515301616032,0.4205615421625964,1.5751664812246573,2.2041355800464846,0
35.33558435567654,10040.244845847983,2.4671641300375065,1577.4558933951514,662.5417240624922,73.76975762074977,1.6423194268408523,0.9272557735742526,6.202166570315335,4.880175072748465,0.25216888298293527,1.4148647002965165,1.916627755336679,0
20.27179510871662,15556.16349084877,4.067634922131386,1016.1563316706139,645.9828530346363,44.93011766880534,1.456799962559127,0.7639593578594216,11.394408423409585,4.78409483777463,0.34447878534026355,1.8135099077926033,1.823755755975734,0
21.33792956353027,18100.593962361785,3.177266151539443,1689.5427423152153,657.8905589094477,81.61559483053132,2.196422555070219,0.9239935535546271,6.781193082713876,5.157303611498954,0.28347351190063946,1.9761367799079104,1.6032170156304093,0
27.539229760305133,20947.76139731396,3.3146584076397487,1708.6085119341633,660.6146824528496,92.33108436014129,1.6233893945629894,0.7187367724348868,10.037206753237157,8.652782439159143,0.402842745496938,2.3853382952003717,2.648619241664614,0
37.34387042896405,15374.581865005692,3.4130691366415817,2116.4758363189376,539.8397296593444,91.9624839709779,1.297426021190075,0.6389521484920356,7.997615297789743,8.897984614464857,0.37473223624582425,1.9678923910272323,1.4877415950829296,0
181.77521761810274,185425.8100063524,48.171111035579024,50110.315066687115,1251.5672200660733,525.8999802232055,0.13556605262941565,0.1481906644740213,26.194894815071596,30.503462140655742,0.8842782755309465,9.358323883040995,29.141204110306763,1
160.2244769179311,167808.9755551584,42.23589761174928,35391.47506940888,1041.375920272601,487.8443134084421,0.15733279836374034,0.13967491055406803,40.19392446424368,31.69351403755396,0.7806847130591749,10.440833289647014,21.516680644223882,1
25.798273804951602,21400.153192760663,3.0615271376331603,2044.938617600595,701.9258592075558,82.18544641131703,1.5859548083945312,1.2305590470201049,8.4874060819443,5.556053650841878,0.3589573630066424,2.2413843342185675,2.08309874082076,0
33.47821417277914,14935.074428344255,2.8261180360308447,1391.7737834485295,577.738915719954,107.53849057560205,1.722516653600367,0.7814913498562682,6.13377594882726,5.532888060781255,0.43405866621961653,1.2191565948496654,3.01529446026409,0
166.8548125798049,151266.49804818898,53.51733442228036,42733.100461293405,958.3254724225312,366.9795415175377,0.13421844575765315,0.1645485488932147,39.48972954221834,21.913013960342212,0.7208234171238059,9.271202030586467,22.50938948760065,1
31.304634697769558,16844.11069214164,3.942276825238878,2127.001099139524,638.5995408638998,46.39719169893311,1.170208303325762,0.6672276861236607,7.509994912891404,6.6720235034840085,0.27827697210837554,2.088537035671785,2.002516378228602,0
27.76378497250416,18239.684049762564,3.3767070984863468,2397.3585004095958,671.9262602705629,97.63102310840836,1.8056894173376183,1.0114530834946787,4.430659668162103,7.321288791335188,0.36703398773750373,1.527107187197679,1.6309214031793102,0
177.09729004295718,160150.05162643766,52.76603718874978,29613.946742570537,1031.8359646051142,370.68008868196966,0.14940357766025572,0.13122173466190762,39.755192701793646,32.05663886244574,0.9669111361254986,8.123954319259662,23.290361876250497,1
27.448355530316128,19248.542216481095,3.587983034504953,1275.7750382733925,617.4483056527514,58.78626442705408,1.2147591701035683,0.8785244550556438,7.342564336209654,5.011444978988645,0.2884667970867878,1.640649424328759,1.9929732080239753,0
166.16901102020896,158487.69616703875,34.35144696801231,45667.02561006156,942.9592137258163,541.2302296213087,0.14733168239460764,0.09104486585921898,39.16283300657767,36.73073658059012,0.7411410468561251,4.594848191243529,22.605169760053982,1
147.1323480774785,149060.44656163108,41.538618279273436,50546.9761611765,1118.8396274736776,304.7271020180942,0.17135583087337444,0.11738320288804763,28.747364777535136,40.95387515695322,0.8211166309084285,9.654830451310858,37.83762717968779,1
227.50935345163967,186866.3881833227,37.84025219166255,52189.5646913244,754.5944068230824,498.0052345476026,0.1979240386108318,0.13604897588285744,26.29276889214743,31.025590839999754,0.7901529872267768,6.515577844434133,13.440106278789074,1
208.5448915311107,179923.23805679663,45.5068540208345,54522.822836130435,1093.9273779641903,620.4785027133661,0.08452681776370921,0.1033325274576281,29.57656390935275,34.208895846629204,0.7605127717837689,9.20466397557756,19.155060229383487,1
29.408800918058446,16947.603273555796,2.2679140736013963,2040.118264160761,552.9883700602368,76.87370035735799,0.9295170328830864,1.0086373917630023,5.3361244640227925,4.833986454636875,0.43468649078821114,0.832764632012807,1.9443814752387358,0
23.450157738247526,15477.00711073211,2.872245464249326,1941.8017335455734,516.0228395123805,79.7621318585887,1.2527991826161382,1.3455489197398471,6.117994275726747,4.8148116895685575,0.36552026998829196,1.0488095164187774,2.579341861422951,0
17.00883031453069,18133.58796410756,2.717349100571678,2410.693881041747,541.68068694253,58.38463888552904,1.226879752957941,0.5891887826680122,6.599008158624052,3.846113288270803,0.2675042094982312,0.6967073816761212,0.9519048966182737,0
28.417675038536867,10256.442103774738,2.839908561358614,2430.999765052586,510.6724239409897,64.5386232634122,1.0531172397177362,0.9276475050483942,7.54936162150569,8.911099589488849,0.366547155475152,1.3139100158806656,2.3851907470290485,0
38.17070850210351,16661.54760171675,2.745023966897342,1834.2217215510368,500.69684986914433,74.39890860300025,1.1371147209079095,0.977039662071629,8.006361645515979,9.425147200271626,0.37246724108248275,2.182844745216374,1.0877152197978452,0
191.6697366404594,151307.86957752617,58.59913871728757,46890.659433369045,789.5073400524906,536.3513461463215,0.2447698619263302,0.05987831840887343,40.418441053825724,32.42013790169759,0.8140544237558792,8.686656840254038,27.45942832421064,1
158.64864508075772,167706.80887841166,47.282478740146146,36629.569596841146,1176.1049546641475,296.4992645466263,0.1628893635234521,0.10525554681890617,43.934868470274516,33.809225459647024,0.6332672686942427,3.155206786035607,19.993217947064743,1
170.98005945747187,164944.2873470317,45.21358769092317,56734.46463833994,1043.3224873100298,426.34674186994516,0.09106513628256391,0.1353671522499378,41.820220122215325,33.03688023356562,0.8932763285791958,8.95319635567503,18.48362595458502,1
155.1652859270406,145302.54943272495,35.112979378002045,50000.53101640615,789.3082739687234,451.38526789190075,0.12527784599399344,0.1928383346033344,24.218431800352363,30.96650427462859,0.7732999524801805,6.457739271040159,26.57606477146073,1
160.9663621220734,236241.53885116518,48.77446687468357,37958.52899615461,1351.8038945630497,335.847343302195,0.11525200991651079,0.11297996772752951,29.117481573306296,32.63605598141937,0.8221410148773851,8.227016633604654,34.46903415845219,1
28.737685216039036,21010.236700113237,2.501919209833076,2201.4705613689075,628.1792134408184,41.99834201574454,1.622376101502453,0.835860918755605,7.288687311094761,4.895619590952717,0.33078456345415685,0.7789214934028506,3.183503624858887,0
25.71698434201956,18586.325943202635,3.248794801647049,2135.032202207273,519.3091559796372,72.54418271555554,2.1616061375929627,0.9383843955221578,9.741125768214927,5.971219094599552,0.4114101610415575,2.4019948933488697,2.0746493910850345,0
25.2272043547726,19402.817309015845,2.7784702311733747,1017.7632899268356,674.0962445021894,73.8290607536597,1.8235449207402286,0.7727640533707503,8.376933237829013,7.672989216730053,0.3810237657142991,1.6440008651089109,4.250073680336463,0
150.36252163474254,167481.65376166665,54.00442782875554,64272.08437270683,1128.518432282386,386.9392853670861,0.1331584991917991,0.15246560992103494,38.68274349650125,31.954585631874973,0.8190473860426836,10.398584015438049,36.17972429007001,1
23.429399443250134,21496.151553622723,3.152113439237613,1353.210617950982,622.6421596572209,73.34557198171282,1.7286484151351893,1.0317699143690011,7.267161768670702,4.938355938440262,0.30152147648899236,1.0094557855995419,1.4774909032182078,0
180.24006003057855,183969.49441887505,49.03535436766108,41764.89955308767,671.1057975892102,489.498453584176,0.12065683679456254,0.1594980933931803,36.09456668079862,37.48712111781336,0.7313952892963799,10.26238162079283,16.84184486014325,1
174.2587473897354,223352.32728928258,40.932597470128385,43550.3775771776,1119.5708719460795,433.51846827900755,0.1140452742625433,0.09840266449785434,36.63603415005578,26.669429909078726,0.807045420285236,3.4854282978625744,22.209388621300462,1
210.65295938825082,178367.40683722295,48.34571504568706,17439.077849360732,1067.9864739073516,444.0185784084519,0.13260396827973853,0.10030961508146893,40.41890822830333,19.791658644835575,0.99,10.30824148328919,26.849012477375695,1
27.51348097810676,16647.012772592025,1.0683447740370875,2419.126838557514,570.4801367059704,46.479690085661275,1.8962713341166468,1.047101224695133,8.216651249132124,3.847617647056906,0.3835180840742771,1.1893040057785078,1.1804597432450201,0
162.22777768413022,150344.6275163142,43.93728717447761,44920.61521560022,874.4539725791994,610.9577191485067,0.17872829654731698,0.1536496972175855,33.02970007381741,34.467997115302744,0.861246011149306,5.962985958400555,21.588950341233478,1
31.52009641693229,14576.493636068883,4.4069306629637985,2025.389804601805,448.70808888388217,75.86936234921241,1.2806580277003858,0.822259095994048,7.069610770889273,8.060240829402982,0.23613708894531402,1.6587025841307081,3.269931838419984,0
179.37859284076032,164176.21832600297,38.02867684342582,43303.16807638551,792.1867476207996,497.8599813282076,0.1835420301923204,0.09691383046272281,24.035420381063563,31.967897636525738,0.8190745967110106,8.041014074526386,18.327859546428698,1
167.15855789860632,217937.31127306924,56.620321725086306,45731.843843654206,981.0949632840501,423.180148904158,0.17522243616802172,0.1373711317304599,29.12544896617145,33.30825072264593,0.8986317288801161,6.090270357227511,24.06579332978833,1
